[{
  "_id": {
    "$oid": "6621a591e33c43d8fa21b967"
  },
  "reservation_id": "1",
  "tour_id": "1",
  "user_id": "101",
  "date": "2024-05-10"
},
{
  "_id": {
    "$oid": "6621a591e33c43d8fa21b968"
  },
  "reservation_id": "2",
  "tour_id": "1",
  "user_id": "105",
  "date": "2024-05-14"
},
{
  "_id": {
    "$oid": "6621a591e33c43d8fa21b969"
  },
  "reservation_id": "3",
  "tour_id": "2",
  "user_id": "108",
  "date": "2024-06-12"
},
{
  "_id": {
    "$oid": "6621a591e33c43d8fa21b96a"
  },
  "reservation_id": "4",
  "tour_id": "2",
  "user_id": "109",
  "date": "2024-06-14"
},
{
  "_id": {
    "$oid": "6621a591e33c43d8fa21b96b"
  },
  "reservation_id": "5",
  "tour_id": "3",
  "user_id": "106",
  "date": "2024-07-24"
}]