[{
  "_id": {
    "$oid": "6621a1bae33c43d8fa21b954"
  },
  "user_id": "101",
  "name": "John Smith"
},
{
  "_id": {
    "$oid": "6621a1bae33c43d8fa21b955"
  },
  "user_id": "102",
  "name": "Emily Johnson"
},
{
  "_id": {
    "$oid": "6621a1bae33c43d8fa21b956"
  },
  "user_id": "103",
  "name": "Michael Brown"
},
{
  "_id": {
    "$oid": "6621a1bae33c43d8fa21b957"
  },
  "user_id": "104",
  "name": "Jessica Davis"
},
{
  "_id": {
    "$oid": "6621a1bae33c43d8fa21b958"
  },
  "user_id": "105",
  "name": "Christopher Wilson"
},
{
  "_id": {
    "$oid": "6621a1bae33c43d8fa21b959"
  },
  "user_id": "106",
  "name": "Amanda Martinez"
},
{
  "_id": {
    "$oid": "6621a1bae33c43d8fa21b95a"
  },
  "user_id": "107",
  "name": "David Anderson"
},
{
  "_id": {
    "$oid": "6621a1bae33c43d8fa21b95b"
  },
  "user_id": "108",
  "name": "Jennifer Taylor"
},
{
  "_id": {
    "$oid": "6621a1bae33c43d8fa21b95c"
  },
  "user_id": "109",
  "name": "Daniel Thomas"
},
{
  "_id": {
    "$oid": "6621a1bae33c43d8fa21b95d"
  },
  "user_id": "110",
  "name": "Linda Garcia"
}]