[{
  "_id": {
    "$oid": "6621a1ace33c43d8fa21b94a"
  },
  "user_id": "101",
  "name": "John Smith"
},
{
  "_id": {
    "$oid": "6621a1ace33c43d8fa21b94b"
  },
  "user_id": "102",
  "name": "Emily Johnson"
},
{
  "_id": {
    "$oid": "6621a1ace33c43d8fa21b94c"
  },
  "user_id": "103",
  "name": "Michael Brown"
},
{
  "_id": {
    "$oid": "6621a1ace33c43d8fa21b94d"
  },
  "user_id": "104",
  "name": "Jessica Davis"
},
{
  "_id": {
    "$oid": "6621a1ace33c43d8fa21b94e"
  },
  "user_id": "105",
  "name": "Christopher Wilson"
},
{
  "_id": {
    "$oid": "6621a1ace33c43d8fa21b94f"
  },
  "user_id": "106",
  "name": "Amanda Martinez"
},
{
  "_id": {
    "$oid": "6621a1ace33c43d8fa21b950"
  },
  "user_id": "107",
  "name": "David Anderson"
},
{
  "_id": {
    "$oid": "6621a1ace33c43d8fa21b951"
  },
  "user_id": "108",
  "name": "Jennifer Taylor"
},
{
  "_id": {
    "$oid": "6621a1ace33c43d8fa21b952"
  },
  "user_id": "109",
  "name": "Daniel Thomas"
},
{
  "_id": {
    "$oid": "6621a1ace33c43d8fa21b953"
  },
  "user_id": "110",
  "name": "Linda Garcia"
}]