[{
  "_id": {
    "$oid": "6621a370e33c43d8fa21b961"
  },
  "tour_id": "1",
  "tour_name": "Excursion to Grand Canyon",
  "date": "2024-05-15",
  "price": 150,
  "company_id": "1",
  "ratings": [
    {
      "user_id": "105",
      "rating": 5
    },
    {
      "user_id": "106",
      "rating": 3
    }
  ],
  "reservations": [
    {
      "user_id": "101",
      "date": "2024-05-10"
    },
    {
      "user_id": "105",
      "date": "2024-05-14"
    }
  ]
},
{
  "_id": {
    "$oid": "6621a370e33c43d8fa21b962"
  },
  "tour_id": "2",
  "tour_name": "Safari Adventure in Africa",
  "date": "2024-06-20",
  "price": 300,
  "company_id": "2",
  "ratings": [
    {
      "user_id": "106",
      "rating": 5
    },
    {
      "user_id": "109",
      "rating": 5
    }
  ],
  "reservations": [
    {
      "user_id": "108",
      "date": "2024-06-12"
    },
    {
      "user_id": "109",
      "date": "2024-06-14"
    }
  ]
},
{
  "_id": {
    "$oid": "6621a370e33c43d8fa21b963"
  },
  "tour_id": "3",
  "tour_name": "Historical Tour in Europe",
  "date": "2024-07-25",
  "price": 200,
  "company_id": "3",
  "ratings": [
    {
      "user_id": "106",
      "rating": 4
    }
  ],
  "reservations": [
    {
      "user_id": "106",
      "date": "2024-07-24"
    }
  ]
}]