[{
  "_id": {
    "$oid": "662248e00ffa208bfb0c736b"
  },
  "company_id": "1",
  "company_name": "Adventure Excursions Inc.",
  "tours": [
    {
      "tour_name": "Excursion to Grand Canyon",
      "date": "2024-05-15",
      "price": 150,
      "ratings": [
        {
          "user_id": "105",
          "rating": 5
        },
        {
          "user_id": "106",
          "rating": 3
        }
      ],
      "reservations": [
        {
          "user_id": "101",
          "date": "2024-05-10"
        },
        {
          "user_id": "105",
          "date": "2024-05-14"
        }
      ]
    }
  ]
},
{
  "_id": {
    "$oid": "662248e00ffa208bfb0c736c"
  },
  "company_id": "2",
  "company_name": "Exploration Tours Ltd.",
  "tours": [
    {
      "tour_name": "Safari Adventure in Africa",
      "date": "2024-06-20",
      "price": 300,
      "ratings": [
        {
          "user_id": "106",
          "rating": 5
        },
        {
          "user_id": "109",
          "rating": 5
        }
      ],
      "reservations": [
        {
          "user_id": "108",
          "date": "2024-06-12"
        },
        {
          "user_id": "109",
          "date": "2024-06-14"
        }
      ]
    }
  ]
},
{
  "_id": {
    "$oid": "662248e00ffa208bfb0c736d"
  },
  "company_id": "3",
  "company_name": "Discover Destinations LLC",
  "tours": [
    {
      "tour_name": "Historical Tour in Europe",
      "date": "2024-07-25",
      "price": 200,
      "ratings": [
        {
          "user_id": "106",
          "rating": 4
        }
      ],
      "reservations": [
        {
          "user_id": "106",
          "date": "2024-07-24"
        }
      ]
    }
  ]
}]