[{
  "_id": {
    "$oid": "662246e00ffa208bfb0c7361"
  },
  "user_id": "101",
  "name": "John Smith"
},
{
  "_id": {
    "$oid": "662246e00ffa208bfb0c7362"
  },
  "user_id": "102",
  "name": "Emily Johnson"
},
{
  "_id": {
    "$oid": "662246e00ffa208bfb0c7363"
  },
  "user_id": "103",
  "name": "Michael Brown"
},
{
  "_id": {
    "$oid": "662246e00ffa208bfb0c7364"
  },
  "user_id": "104",
  "name": "Jessica Davis"
},
{
  "_id": {
    "$oid": "662246e00ffa208bfb0c7365"
  },
  "user_id": "105",
  "name": "Christopher Wilson"
},
{
  "_id": {
    "$oid": "662246e00ffa208bfb0c7366"
  },
  "user_id": "106",
  "name": "Amanda Martinez"
},
{
  "_id": {
    "$oid": "662246e00ffa208bfb0c7367"
  },
  "user_id": "107",
  "name": "David Anderson"
},
{
  "_id": {
    "$oid": "662246e00ffa208bfb0c7368"
  },
  "user_id": "108",
  "name": "Jennifer Taylor"
},
{
  "_id": {
    "$oid": "662246e00ffa208bfb0c7369"
  },
  "user_id": "109",
  "name": "Daniel Thomas"
},
{
  "_id": {
    "$oid": "662246e00ffa208bfb0c736a"
  },
  "user_id": "110",
  "name": "Linda Garcia"
}]